Name,description,timestamp,begin,end,altitudeMode,tessellate,extrude,visibility,drawOrder,icon,Geographic__District,Building_Code,Address,Zip_Code,Borough,Type,Full Address,Lat,Lon
P.S. 188 - MANHATTAN,Geographic  District: 1<br>Building Code: M188<br>Address: 442 EAST HOUSTON STREET<br>Zip Code: 10002<br>Borough: Manhattan<br>Type: Community School & DYCD,,,,,,,-1,,,1,M188,442 EAST HOUSTON STREET,10002,Manhattan,Community School & DYCD,"442 EAST HOUSTON STREET Manhattan, NY 10002",40.7198989,-73.9773555
J.H.S. 56 - MANHATTAN,Geographic  District: 1<br>Building Code: M056<br>Address: 220 HENRY STREET<br>Zip Code: 10002<br>Borough: Manhattan<br>Type: Community School & DYCD,,,,,,,-1,,,1,M056,220 HENRY STREET,10002,Manhattan,Community School & DYCD,"220 HENRY STREET Manhattan, NY 10002",40.7134455,-73.9860332
P.S./I.S. 89 - MANHATTAN,Geographic  District: 2<br>Building Code: M089<br>Address: 201 WARREN STREET<br>Zip Code: 10282<br>Borough: Manhattan<br>Type: Community School or DYCD with a pre-K or LYFE Center,,,,,,,-1,,,2,M089,201 WARREN STREET,10282,Manhattan,Community School or DYCD with a pre-K or LYFE Center,"201 WARREN STREET Manhattan, NY 10282",40.7169119,-74.013597
P.S. 158 - MANHATTAN,Geographic  District: 2<br>Building Code: M158<br>Address: 1458 YORK AVENUE<br>Zip Code: 10075<br>Borough: Manhattan<br>Type: Community School or DYCD with a pre-K or LYFE Center,,,,,,,-1,,,2,M158,1458 YORK AVENUE,10075,Manhattan,Community School or DYCD with a pre-K or LYFE Center,"1458 YORK AVENUE Manhattan, NY 10075",40.770261,-73.9509131
District 2 Pre-K Center at 355 East 76 Street,Geographic  District: 2<br>Building Code: M471<br>Address: 355 East 76 Street<br>Zip Code: 10021<br>Borough: Manhattan<br>Type: Standalone Pre-K Site,,,,,,,-1,,,2,M471,355 East 76 Street,10021,Manhattan,Standalone Pre-K Site,"355 East 76 Street Manhattan, NY 10021",40.7709569,-73.9547643
I.S. 118 - MANHATTAN,Geographic  District: 3<br>Building Code: M118<br>Address: 154 WEST  93 STREET<br>Zip Code: 10025<br>Borough: Manhattan<br>Type: Community School & DYCD,,,,,,,-1,,,3,M118,154 WEST  93 STREET,10025,Manhattan,Community School & DYCD,"154 WEST  93 STREET Manhattan, NY 10025",40.7912562,-73.9711111
P.S. 180 - MANHATTAN,Geographic  District: 3<br>Building Code: M180<br>Address: 370 WEST 120TH STREET<br>Zip Code: 10027<br>Borough: Manhattan<br>Type: Community School or DYCD with a pre-K or LYFE Center,,,,,,,-1,,,3,M180,370 WEST 120TH STREET,10027,Manhattan,Community School or DYCD with a pre-K or LYFE Center,"370 WEST 120TH STREET Manhattan, NY 10027",40.8076092,-73.9558388
P.S./I.S. 342 (RIVERSIDE CENTER) - MANHATATN,Geographic  District: 3<br>Building Code: M342<br>Address: 300 WEST 61ST STREET<br>Zip Code: 10023<br>Borough: Manhattan<br>Type: Community School or DYCD with a pre-K or LYFE Center,,,,,,,-1,,,3,M342,300 WEST 61ST STREET,10023,Manhattan,Community School or DYCD with a pre-K or LYFE Center,"300 WEST 61ST STREET Manhattan, NY 10023",40.7729791,-73.9900749
P.S. 50 (UDC) - MANHATTAN,Geographic  District: 4<br>Building Code: M050<br>Address: 433 EAST 100 STREET<br>Zip Code: 10029<br>Borough: Manhattan<br>Type: Community School & DYCD,,,,,,,-1,,,4,M050,433 EAST 100 STREET,10029,Manhattan,Community School & DYCD,"433 EAST 100 STREET Manhattan, NY 10029",40.7850415,-73.9410603
P.S. 7 - MANHATTAN,Geographic  District: 4<br>Building Code: M007<br>Address: 160 EAST 120 STREET<br>Zip Code: 10035<br>Borough: Manhattan<br>Type: Community School or DYCD with a pre-K or LYFE Center,,,,,,,-1,,,4,M007,160 EAST 120 STREET,10035,Manhattan,Community School or DYCD with a pre-K or LYFE Center,"160 EAST 120 STREET Manhattan, NY 10035",40.8007729,-73.9393346
P.S. 30 - MANHATTAN,Geographic  District: 5<br>Building Code: M030<br>Address: 144-176 EAST 128 STREET<br>Zip Code: 10035<br>Borough: Manhattan<br>Type: Community School & DYCD,,,,,,,-1,,,5,M030,144-176 EAST 128 STREET,10035,Manhattan,Community School & DYCD,"144-176 EAST 128 STREET Manhattan, NY 10035",40.8056543,-73.9354602
P.S. 125 - MANHATTAN,Geographic  District: 5<br>Building Code: M125<br>Address: 425 WEST 123 STREET<br>Zip Code: 10027<br>Borough: Manhattan<br>Type: Community School or DYCD with a pre-K or LYFE Center,,,,,,,-1,,,5,M125,425 WEST 123 STREET,10027,Manhattan,Community School or DYCD with a pre-K or LYFE Center,"425 WEST 123 STREET Manhattan, NY 10027",40.810687,-73.956061
I.S. 90 - MANHATTAN,Geographic  District: 6<br>Building Code: M090<br>Address: 21 JUMEL PLACE<br>Zip Code: 10032<br>Borough: Manhattan<br>Type: Community School & DYCD,,,,,,,-1,,,6,M090,21 JUMEL PLACE,10032,Manhattan,Community School & DYCD,"21 JUMEL PLACE Manhattan, NY 10032",40.839456,-73.9357066
G. WASHINGTON HS EDUC. CAMPUS - M,Geographic  District: 6<br>Building Code: M465<br>Address: 549 AUDUBON AVENUE<br>Zip Code: 10040<br>Borough: Manhattan<br>Type: Community School & DYCD,,,,,,,-1,,,6,M465,549 AUDUBON AVENUE,10040,Manhattan,Community School & DYCD,"549 AUDUBON AVENUE Manhattan, NY 10040",40.8558937,-73.9260333
P.S./I.S. 210 - MANHATTAN,Geographic  District: 6<br>Building Code: M093<br>Address: 501-503 WEST 152 STREET<br>Zip Code: 10031<br>Borough: Manhattan<br>Type: Community School or DYCD with a pre-K or LYFE Center,,,,,,,-1,,,6,M093,501-503 WEST 152 STREET,10031,Manhattan,Community School or DYCD with a pre-K or LYFE Center,"501-503 WEST 152 STREET Manhattan, NY 10031",40.8299318,-73.9445704
I.S. 162 - BRONX,Geographic  District: 7<br>Building Code: X162<br>Address: 600 SAINT ANN'S AVENUE<br>Zip Code: 10455<br>Borough: Bronx<br>Type: Community School & DYCD,,,,,,,-1,,,7,X162,600 SAINT ANN'S AVENUE,10455,Bronx,Community School & DYCD,"600 SAINT ANN'S AVENUE Bronx, NY 10455",40.8145265,-73.9123068
MOTT HAVEN EDUCATIONAL CAMPUS - BRONX,Geographic  District: 7<br>Building Code: X790<br>Address: 730 CONCOURSE VILLAGE WEST<br>Zip Code: 10451<br>Borough: Bronx<br>Type: Community School & DYCD,,,,,,,-1,,,7,X790,730 CONCOURSE VILLAGE WEST,10451,Bronx,Community School & DYCD,"730 CONCOURSE VILLAGE WEST Bronx, NY 10451",40.8225734,-73.9235453
Learning Through Play Pre-K Center at 535 Union Avenue,Geographic  District: 7<br>Building Code: X356<br>Address: 535 Union Avenue<br>Zip Code: 10455<br>Borough: Bronx<br>Type: Standalone Pre-K Site,,,,,,,-1,,,7,X356,535 Union Avenue,10455,Bronx,Standalone Pre-K Site,"535 Union Avenue Bronx, NY 10455",40.8117156,-73.9060048
I.S. 192 - BRONX,Geographic  District: 8<br>Building Code: X192<br>Address: 650 HOLLYWOOD AVENUE<br>Zip Code: 10465<br>Borough: Bronx<br>Type: Community School & DYCD,,,,,,,-1,,,8,X192,650 HOLLYWOOD AVENUE,10465,Bronx,Community School & DYCD,"650 HOLLYWOOD AVENUE Bronx, NY 10465",40.8269794,-73.8182885
Adlai E. Stevenson Educational Campus,Geographic  District: 8<br>Building Code: X450<br>Address: 1980 LAFAYETTE AVENUE<br>Zip Code: 10473<br>Borough: Bronx<br>Type: Community School & DYCD,,,,,,,-1,,,8,X450,1980 LAFAYETTE AVENUE,10473,Bronx,Community School & DYCD,"1980 LAFAYETTE AVENUE Bronx, NY 10473",40.8215141,-73.8554141
I.S. 201 - BRONX,Geographic  District: 8<br>Building Code: X074<br>Address: 730 BRYANT AVENUE<br>Zip Code: 10474<br>Borough: Bronx<br>Type: Community School & DYCD,,,,,,,-1,,,8,X074,730 BRYANT AVENUE,10474,Bronx,Community School & DYCD,"730 BRYANT AVENUE Bronx, NY 10474",40.8157147,-73.8853003
WILLIAM H. TAFT HS - X,Geographic  District: 9<br>Building Code: X410<br>Address: 240 EAST 172 STREET<br>Zip Code: 10457<br>Borough: Bronx<br>Type: Community School & DYCD,,,,,,,-1,,,9,X410,240 EAST 172 STREET,10457,Bronx,Community School & DYCD,"240 EAST 172 STREET Bronx, NY 10457",40.8398672,-73.9111588
DOE NEW SETTLEMENT COMMUNITY CAMPUS - X,Geographic  District: 9<br>Building Code: X240<br>Address: 1501 JEROME AVENUE<br>Zip Code: 10452<br>Borough: Bronx<br>Type: Community School or DYCD with a pre-K or LYFE Center,,,,,,,-1,,,9,X240,1501 JEROME AVENUE,10452,Bronx,Community School or DYCD with a pre-K or LYFE Center,"1501 JEROME AVENUE Bronx, NY 10452",40.8429988,-73.9162336
Garden of Learning and Discovery Pre-K Center at 1434 Ogden Avenue,Geographic  District: 9<br>Building Code: X582<br>Address: 1434 Ogden Avenue<br>Zip Code: 10452<br>Borough: Bronx<br>Type: Standalone Pre-K Site,,,,,,,-1,,,9,X582,1434 Ogden Avenue,10452,Bronx,Standalone Pre-K Site,"1434 Ogden Avenue Bronx, NY 10452",40.8437124,-73.9233984
P.S. 306 - BRONX,Geographic  District: 10<br>Building Code: X306<br>Address: 40 WEST TREMONT AVENUE<br>Zip Code: 10453<br>Borough: Bronx<br>Type: Community School & SBHC,,,,,,,-1,,,10,X306,40 WEST TREMONT AVENUE,10453,Bronx,Community School & SBHC,"40 WEST TREMONT AVENUE Bronx, NY 10453",40.8513941,-73.9108139
DEWITT CLINTON HS - X,Geographic  District: 10<br>Building Code: X440<br>Address: 100 WEST MOSHOLU PARKWAY SOUTH<br>Zip Code: 10468<br>Borough: Bronx<br>Type: Community School & SBHC,,,,,,,-1,,,10,X440,100 WEST MOSHOLU PARKWAY SOUTH,10468,Bronx,Community School & SBHC,"100 WEST MOSHOLU PARKWAY SOUTH Bronx, NY 10468",40.8812165,-73.8875851
THEODORE ROOSEVELT EDUCATIONAL CAMPUS - X,Geographic  District: 10<br>Building Code: X435<br>Address: 500 EAST FORDHAM ROAD<br>Zip Code: 10458<br>Borough: Bronx<br>Type: Community School & DYCD,,,,,,,-1,,,10,X435,500 EAST FORDHAM ROAD,10458,Bronx,Community School & DYCD,"500 EAST FORDHAM ROAD Bronx, NY 10458",40.8594021,-73.8886743
Rose Hill Pre-K Center at 2490-2500 Webster Avenue,Geographic  District: 10<br>Building Code: X432<br>Address: 2490-2500 Webster Avenue<br>Zip Code: 10458<br>Borough: Bronx<br>Type: Standalone Pre-K Site,,,,,,,-1,,,10,X432,2490-2500 Webster Avenue,10458,Bronx,Standalone Pre-K Site,"2490-2500 Webster Avenue Bronx, NY 10458",40.8607224,-73.8921904
M.S./H.S. 368 - BRONX             ,Geographic  District: 10<br>Building Code: X368<br>Address: 2975 TIBBETT AVENUE<br>Zip Code: 10463<br>Borough: Bronx<br>Type: DYCD Program,,,,,,,-1,,,10,X368,2975 TIBBETT AVENUE,10463,Bronx,DYCD Program,"2975 TIBBETT AVENUE Bronx, NY 10463",40.8790763,-73.9112953
P.S. 96 - BRONX,Geographic  District: 11<br>Building Code: X096<br>Address: 2385 OLINVILLE AVENUE<br>Zip Code: 10467<br>Borough: Bronx<br>Type: Community School & DYCD,,,,,,,-1,,,11,X096,2385 OLINVILLE AVENUE,10467,Bronx,Community School & DYCD,"2385 OLINVILLE AVENUE Bronx, NY 10467",40.860985,-73.8690837
HERBERT H. LEHMAN HS - X,Geographic  District: 11<br>Building Code: X405<br>Address: 3000 EAST TREMONT AVENUE<br>Zip Code: 10461<br>Borough: Bronx<br>Type: Community School & SBHC,,,,,,,-1,,,11,X405,3000 EAST TREMONT AVENUE,10461,Bronx,Community School & SBHC,"3000 EAST TREMONT AVENUE Bronx, NY 10461",40.8398166,-73.8379549
P.S. 106 - BRONX,Geographic  District: 11<br>Building Code: X106<br>Address: 1514 OLMSTEAD AVENUE<br>Zip Code: 10462<br>Borough: Bronx<br>Type: Community School or DYCD with a pre-K or LYFE Center,,,,,,,-1,,,11,X106,1514 OLMSTEAD AVENUE,10462,Bronx,Community School or DYCD with a pre-K or LYFE Center,"1514 OLMSTEAD AVENUE Bronx, NY 10462",40.8369134,-73.8550508
District 11 Pre-K Center at 1684 White Plains Road,Geographic  District: 11<br>Building Code: X311<br>Address: 1684 White Plains Road<br>Zip Code: 10462<br>Borough: Bronx<br>Type: Standalone Pre-K Site,,,,,,,-1,,,11,X311,1684 White Plains Road,10462,Bronx,Standalone Pre-K Site,"1684 White Plains Road Bronx, NY 10462",40.8436364,-73.865332
P.S./I.S. 189 - BRONX,Geographic  District: 11<br>Building Code: X189<br>Address: 3441 STEENWICK AVENUE<br>Zip Code: 10475<br>Borough: Bronx<br>Type: DYCD Program,,,,,,,-1,,,11,X189,3441 STEENWICK AVENUE,10475,Bronx,DYCD Program,"3441 STEENWICK AVENUE Bronx, NY 10475",40.8831455,-73.830787
P.S. 211 - BRONX,Geographic  District: 12<br>Building Code: X193<br>Address: 1919 PROSPECT AVENUE<br>Zip Code: 10457<br>Borough: Bronx<br>Type: Community School & DYCD,,,,,,,-1,,,12,X193,1919 PROSPECT AVENUE,10457,Bronx,Community School & DYCD,"1919 PROSPECT AVENUE Bronx, NY 10457",40.8437691,-73.8903279
I.S. 216 - BRONX,Geographic  District: 12<br>Building Code: X116<br>Address: 977 FOX STREET<br>Zip Code: 10459<br>Borough: Bronx<br>Type: Community School & DYCD,,,,,,,-1,,,12,X116,977 FOX STREET,10459,Bronx,Community School & DYCD,"977 FOX STREET Bronx, NY 10459",40.8220835,-73.8940382
I.S. 158 - BRONX,Geographic  District: 12<br>Building Code: X158<br>Address: 800 HOME STREET<br>Zip Code: 10456<br>Borough: Bronx<br>Type: Community School & SBHC,,,,,,,-1,,,12,X158,800 HOME STREET,10456,Bronx,Community School & SBHC,"800 HOME STREET Bronx, NY 10456",40.8273875,-73.9008013
P.S. 56 - BROOKLYN,Geographic  District: 13<br>Building Code: K056<br>Address: 170 GATES AVENUE<br>Zip Code: 11238<br>Borough: Brooklyn<br>Type: Community School & DYCD,,,,,,,-1,,,13,K056,170 GATES AVENUE,11238,Brooklyn,Community School & DYCD,"170 GATES AVENUE Brooklyn, NY 11238",40.6842985,-73.9603205
P.S. 133 WILLIAM A. BUTLER - BROOKLYN,Geographic  District: 13<br>Building Code: K317<br>Address: 610 BALTIC STREET<br>Zip Code: 11217<br>Borough: Brooklyn<br>Type: Community School or DYCD with a pre-K or LYFE Center,,,,,,,-1,,,13,K317,610 BALTIC STREET,11217,Brooklyn,Community School or DYCD with a pre-K or LYFE Center,"610 BALTIC STREET Brooklyn, NY 11217",40.6801221,-73.9806648
DOCK ST CAMPUS - BROOKLYN,Geographic  District: 13<br>Building Code: K611<br>Address: 19 DOCK STREET <br>Zip Code: 11201<br>Borough: Brooklyn<br>Type: Community School or DYCD with a pre-K or LYFE Center,,,,,,,-1,,,13,K611,19 DOCK STREET ,11201,Brooklyn,Community School or DYCD with a pre-K or LYFE Center,"19 DOCK STREET  Brooklyn, NY 11201",40.7030848,-73.9922313
District 13 Pre-K Center at 25 Dock Street,Geographic  District: 13<br>Building Code: K611<br>Address: 25 Dock Street<br>Zip Code: 11201<br>Borough: Brooklyn<br>Type: Standalone Pre-K Site,,,,,,,-1,,,13,K611,25 Dock Street,11201,Brooklyn,Standalone Pre-K Site,"25 Dock Street Brooklyn, NY 11201",40.7030691,-73.992565
I.S. 71 - BROOKLYN,Geographic  District: 14<br>Building Code: K071<br>Address: 215 HEYWARD STREET<br>Zip Code: 11206<br>Borough: Brooklyn<br>Type: Community School & DYCD,,,,,,,-1,,,14,K071,215 HEYWARD STREET,11206,Brooklyn,Community School & DYCD,"215 HEYWARD STREET Brooklyn, NY 11206",40.7039101,-73.9537081
P.S. 110 - BROOKLYN,Geographic  District: 14<br>Building Code: K110<br>Address: 124 MONITOR STREET<br>Zip Code: 11222<br>Borough: Brooklyn<br>Type: Community School or DYCD with a pre-K or LYFE Center,,,,,,,-1,,,14,K110,124 MONITOR STREET,11222,Brooklyn,Community School or DYCD with a pre-K or LYFE Center,"124 MONITOR STREET Brooklyn, NY 11222",40.7237601,-73.9419954
P.S. 338 - Brooklyn,Geographic  District: 15<br>Building Code: K338<br>Address: 21 HINCKLEY PLACE<br>Zip Code: 11218<br>Borough: Brooklyn<br>Type: Community School or DYCD with a pre-K or LYFE Center,,,,,,,-1,,,15,K338,21 HINCKLEY PLACE,11218,Brooklyn,Community School or DYCD with a pre-K or LYFE Center,"21 HINCKLEY PLACE Brooklyn, NY 11218",40.6445569,-73.9713377
P.S./I.S. 437 - BROOKLYN,Geographic  District: 15<br>Building Code: K437<br>Address: 713 CATON AVENUE<br>Zip Code: 11218<br>Borough: Brooklyn<br>Type: Community School or DYCD with a pre-K or LYFE Center,,,,,,,-1,,,15,K437,713 CATON AVENUE,11218,Brooklyn,Community School or DYCD with a pre-K or LYFE Center,"713 CATON AVENUE Brooklyn, NY 11218",40.6478367,-73.9732286
Bishop Ford School,Geographic  District: 15<br>Building Code: K280<br>Address: 500 19th Street <br>Zip Code: 11215<br>Borough: Brooklyn<br>Type: Standalone Pre-K Site,,,,,,,-1,,,15,K280,500 19th Street ,11215,Brooklyn,Standalone Pre-K Site,"500 19th Street  Brooklyn, NY 11215",40.6564072,-73.9827275
P.S. 26 - BROOKLYN,Geographic  District: 16<br>Building Code: K026<br>Address: 1014 LAFAYETTE AVENUE<br>Zip Code: 11221<br>Borough: Brooklyn<br>Type: Community School & DYCD,,,,,,,-1,,,16,K026,1014 LAFAYETTE AVENUE,11221,Brooklyn,Community School & DYCD,"1014 LAFAYETTE AVENUE Brooklyn, NY 11221",40.6919757,-73.9314884
BOYS & GIRLS HS - K,Geographic  District: 16<br>Building Code: K455<br>Address: 1700 FULTON STREET<br>Zip Code: 11213<br>Borough: Brooklyn<br>Type: Community School & SBHC,,,,,,,-1,,,16,K455,1700 FULTON STREET,11213,Brooklyn,Community School & SBHC,"1700 FULTON STREET Brooklyn, NY 11213",40.6789227,-73.9316585
BROWNSVILLE DIPLOMA PLUS HS - K,Geographic  District: 17<br>Building Code: K907<br>Address: 1150 EAST NEW YORK AVENUE<br>Zip Code: 11212<br>Borough: Brooklyn<br>Type: Community School & DYCD,,,,,,,-1,,,17,K907,1150 EAST NEW YORK AVENUE,11212,Brooklyn,Community School & DYCD,"1150 EAST NEW YORK AVENUE Brooklyn, NY 11212",40.6662946,-73.9239496
P.S. 181 - BROOKLYN,Geographic  District: 17<br>Building Code: K181<br>Address: 1023 NEW YORK AVENUE<br>Zip Code: 11203<br>Borough: Brooklyn<br>Type: Community School or DYCD with a pre-K or LYFE Center,,,,,,,-1,,,17,K181,1023 NEW YORK AVENUE,11203,Brooklyn,Community School or DYCD with a pre-K or LYFE Center,"1023 NEW YORK AVENUE Brooklyn, NY 11203",40.6480961,-73.9459934
P.S. 66 - BROOKLYN,Geographic  District: 18<br>Building Code: K066<br>Address: 845 EAST  96 STREET<br>Zip Code: 11236<br>Borough: Brooklyn<br>Type: Community School or DYCD with a pre-K or LYFE Center,,,,,,,-1,,,18,K066,845 EAST  96 STREET,11236,Brooklyn,Community School or DYCD with a pre-K or LYFE Center,"845 EAST  96 STREET Brooklyn, NY 11236",40.6487279,-73.9067261
P.S. 114 - BROOKLYN,Geographic  District: 18<br>Building Code: K114<br>Address: 1077 REMSEN AVENUE<br>Zip Code: 11236<br>Borough: Brooklyn<br>Type: Community School or DYCD with a pre-K or LYFE Center,,,,,,,-1,,,18,K114,1077 REMSEN AVENUE,11236,Brooklyn,Community School or DYCD with a pre-K or LYFE Center,"1077 REMSEN AVENUE Brooklyn, NY 11236",40.6425436,-73.9080304
SPRING CREEK EDUCATIONAL CAMPUS - BROOKLYN,Geographic  District: 19<br>Building Code: K422<br>Address: 1065 ELTON STREET<br>Zip Code: 11208<br>Borough: Brooklyn<br>Type: Community School & DYCD,,,,,,,-1,,,19,K422,1065 ELTON STREET,11208,Brooklyn,Community School & DYCD,"1065 ELTON STREET Brooklyn, NY 11208",40.6572453,-73.8740662
CYPRESS HILLS COMMUNITY SCHOOL - BROOKLYN,Geographic  District: 19<br>Building Code: K814<br>Address: 265 WARWICK STREET<br>Zip Code: 11207<br>Borough: Brooklyn<br>Type: Community School or DYCD with a pre-K or LYFE Center,,,,,,,-1,,,19,K814,265 WARWICK STREET,11207,Brooklyn,Community School or DYCD with a pre-K or LYFE Center,"265 WARWICK STREET Brooklyn, NY 11207",40.6777898,-73.886699
P.S. 229 - BROOKLYN,Geographic  District: 20<br>Building Code: K229<br>Address: 1400 BENSON AVENUE<br>Zip Code: 11228<br>Borough: Brooklyn<br>Type: Community School or DYCD with a pre-K or LYFE Center,,,,,,,-1,,,20,K229,1400 BENSON AVENUE,11228,Brooklyn,Community School or DYCD with a pre-K or LYFE Center,"1400 BENSON AVENUE Brooklyn, NY 11228",40.6105585,-74.0131655
P.S. 205 - BROOKLYN,Geographic  District: 20<br>Building Code: K205<br>Address: 6701 20 AVENUE<br>Zip Code: 11204<br>Borough: Brooklyn<br>Type: Community School or DYCD with a pre-K or LYFE Center,,,,,,,-1,,,20,K205,6701 20 AVENUE,11204,Brooklyn,Community School or DYCD with a pre-K or LYFE Center,"6701 20 AVENUE Brooklyn, NY 11204",40.6147564,-73.9870892
District 20 Pre-K Center at 550 59th Street,Geographic  District: 20<br>Building Code: K560<br>Address: 550 59 Street<br>Zip Code: 11220<br>Borough: Brooklyn<br>Type: Standalone Pre-K Site,,,,,,,-1,,,20,K560,550 59 Street,11220,Brooklyn,Standalone Pre-K Site,"550 59 Street Brooklyn, NY 11220",40.6392192,-74.0143789
P.S. 69 - BROOKLYN,Geographic  District: 20<br>Building Code: K069<br>Address: 6302 9TH AVENUE<br>Zip Code: 11220<br>Borough: Brooklyn<br>Type: Filling Geographic Gaps,,,,,,,-1,,,20,K069,6302 9TH AVENUE,11220,Brooklyn,Filling Geographic Gaps,"6302 9TH AVENUE Brooklyn, NY 11220",40.6325625,-74.0097243
I.S. 96 - BROOKLYN,Geographic  District: 21<br>Building Code: K096<br>Address: 99 AVENUE P<br>Zip Code: 11204<br>Borough: Brooklyn<br>Type: Community School & DYCD,,,,,,,-1,,,21,K096,99 AVENUE P,11204,Brooklyn,Community School & DYCD,"99 AVENUE P Brooklyn, NY 11204",40.6079832,-73.9851608
Brooklyn's Daily Discovery Pre-K Center at 10 Bouck Court,Geographic  District: 21<br>Building Code: K687<br>Address: 10 Bouck Court<br>Zip Code: 11223<br>Borough: Brooklyn<br>Type: Standalone Pre-K Site,,,,,,,-1,,,21,K687,10 Bouck Court,11223,Brooklyn,Standalone Pre-K Site,"10 Bouck Court Brooklyn, NY 11223",40.5886276,-73.9736224
ABRAHAM LINCOLN HS - K,Geographic  District: 21<br>Building Code: K410<br>Address: 2800 OCEAN PARKWAY<br>Zip Code: 11235<br>Borough: Brooklyn<br>Type: Filling Geographic Gaps,,,,,,,-1,,,21,K410,2800 OCEAN PARKWAY,11235,Brooklyn,Filling Geographic Gaps,"2800 OCEAN PARKWAY Brooklyn, NY 11235",40.5828631,-73.9682183
P.S. 152 - BROOKLYN,Geographic  District: 22<br>Building Code: K152<br>Address: 725 EAST  23 STREET<br>Zip Code: 11210<br>Borough: Brooklyn<br>Type: Community School & DYCD,,,,,,,-1,,,22,K152,725 EAST  23 STREET,11210,Brooklyn,Community School & DYCD,"725 EAST  23 STREET Brooklyn, NY 11210",40.6325873,-73.9542987
P.S./I.S. 395 - BROOKLYN,Geographic  District: 22<br>Building Code: K395<br>Address: 1001 EAST  45 STREET<br>Zip Code: 11203<br>Borough: Brooklyn<br>Type: Community School or DYCD with a pre-K or LYFE Center,,,,,,,-1,,,22,K395,1001 EAST  45 STREET,11203,Brooklyn,Community School or DYCD with a pre-K or LYFE Center,"1001 EAST  45 STREET Brooklyn, NY 11203",40.636395,-73.9333185
The Joan Snow Pre-K Center at 1340 East 29th Street,Geographic  District: 22<br>Building Code: K063<br>Address: 1340 East 29 Street<br>Zip Code: 11210<br>Borough: Brooklyn<br>Type: Standalone Pre-K Site,,,,,,,-1,,,22,K063,1340 East 29 Street,11210,Brooklyn,Standalone Pre-K Site,"1340 East 29 Street Brooklyn, NY 11210",40.6185344,-73.9466822
P.S. 222 - BROOKLYN,Geographic  District: 22<br>Building Code: K222<br>Address: 3301 QUENTIN ROAD<br>Zip Code: 11234<br>Borough: Brooklyn<br>Type: Filling Geographic Gaps,,,,,,,-1,,,22,K222,3301 QUENTIN ROAD,11234,Brooklyn,Filling Geographic Gaps,"3301 QUENTIN ROAD Brooklyn, NY 11234",40.6136595,-73.939059
P.S. 254 - BROOKLYN,Geographic  District: 22<br>Building Code: K254<br>Address: 1801 AVENUE Y<br>Zip Code: 11235<br>Borough: Brooklyn<br>Type: Filling Geographic Gaps,,,,,,,-1,,,22,K254,1801 AVENUE Y,11235,Brooklyn,Filling Geographic Gaps,"1801 AVENUE Y Brooklyn, NY 11235",40.5909705,-73.951458
P.S. 12 - BROOKLYN,Geographic  District: 23<br>Building Code: K012<br>Address: 430 HOWARD AVENUE<br>Zip Code: 11233<br>Borough: Brooklyn<br>Type: Community School & DYCD,,,,,,,-1,,,23,K012,430 HOWARD AVENUE,11233,Brooklyn,Community School & DYCD,"430 HOWARD AVENUE Brooklyn, NY 11233",40.6730157,-73.919862
P.S. 156 - BROOKLYN,Geographic  District: 23<br>Building Code: K356<br>Address: 104 SUTTER AVENUE<br>Zip Code: 11212<br>Borough: Brooklyn<br>Type: Community School & DYCD,,,,,,,-1,,,23,K356,104 SUTTER AVENUE,11212,Brooklyn,Community School & DYCD,"104 SUTTER AVENUE Brooklyn, NY 11212",40.6654788,-73.9180947
P.S. 19 - QUEENS,Geographic  District: 24<br>Building Code: Q019<br>Address: 98-02 ROOSEVELT AVENUE<br>Zip Code: 11368<br>Borough: Queens<br>Type: Community School & DYCD,,,,,,,-1,,,24,Q019,98-02 ROOSEVELT AVENUE,11368,Queens,Community School & DYCD,"98-02 ROOSEVELT AVENUE Queens, NY 11368",40.7489392,-73.8669436
ELMHURST EDUCATIONAL CAMPUS - Q,Geographic  District: 24<br>Building Code: Q744<br>Address: 45-10 94TH STREET<br>Zip Code: 11373<br>Borough: Queens<br>Type: Community School & SBHC,,,,,,,-1,,,24,Q744,45-10 94TH STREET,11373,Queens,Community School & SBHC,"45-10 94TH STREET Queens, NY 11373",40.743204,-73.871482
Mosaic Pre-K Center at 44-15 Judge Street,Geographic  District: 24<br>Building Code: Q391<br>Address: 44-15 Judge Street<br>Zip Code: 11373<br>Borough: Queens<br>Type: Standalone Pre-K Site,,,,,,,-1,,,24,Q391,44-15 Judge Street,11373,Queens,Standalone Pre-K Site,"44-15 Judge Street Queens, NY 11373",40.7429955,-73.8772468
PS/IS 128,Geographic  District: 24<br>Building Code: Q247<br>Address: 69-10 65th Drive<br>Zip Code: 11379<br>Borough: Queens<br>Type: DYCD Program,,,,,,,-1,,,24,Q247,69-10 65th Drive,11379,Queens,DYCD Program,"69-10 65th Drive Queens, NY 11379",40.7149568,-73.8862522
P.S. 24 - QUEENS,Geographic  District: 25<br>Building Code: Q024<br>Address: 45-57 UNION STREET<br>Zip Code: 11355<br>Borough: Queens<br>Type: Community School or DYCD with a pre-K or LYFE Center,,,,,,,-1,,,25,Q024,45-57 UNION STREET,11355,Queens,Community School or DYCD with a pre-K or LYFE Center,"45-57 UNION STREET Queens, NY 11355",40.7519807,-73.8185305
District 25 Pre-K Center at 123-07 22nd Avenue,Geographic  District: 25<br>Building Code: Q454<br>Address: 123-07 22nd Avenue <br>Zip Code: 11356<br>Borough: Queens<br>Type: Standalone Pre-K Site,,,,,,,-1,,,25,Q454,123-07 22nd Avenue ,11356,Queens,Standalone Pre-K Site,"123-07 22nd Avenue  Queens, NY 11356",40.7803036,-73.8448592
P.S./I.S. 266 - QUEENS,Geographic  District: 26<br>Building Code: Q266<br>Address: 74-10 COMMONWEALTH BOULEVARD<br>Zip Code: 11426<br>Borough: Queens<br>Type: Community School or DYCD with a pre-K or LYFE Center,,,,,,,-1,,,26,Q266,74-10 COMMONWEALTH BOULEVARD,11426,Queens,Community School or DYCD with a pre-K or LYFE Center,"74-10 COMMONWEALTH BOULEVARD Queens, NY 11426",40.7455965,-73.7282367
Bayside Hills School of Excellence,Geographic  District: 26<br>Building Code: Q332<br>Address: 210-21 48 AVENUE<br>Zip Code: 11364<br>Borough: Queens<br>Type: Filling Geographic Gaps,,,,,,,-1,,,26,Q332,210-21 48 AVENUE,11364,Queens,Filling Geographic Gaps,"210-21 48 AVENUE Queens, NY 11364",40.755101,-73.770567
P.S. 42 - QUEENS,Geographic  District: 27<br>Building Code: Q042<br>Address: 488 BEACH  66 STREET<br>Zip Code: 11692<br>Borough: Queens<br>Type: Community School & DYCD,,,,,,,-1,,,27,Q042,488 BEACH  66 STREET,11692,Queens,Community School & DYCD,"488 BEACH  66 STREET Queens, NY 11692",40.594435,-73.7949455
Beach Channel Educational Campus,Geographic  District: 27<br>Building Code: Q410<br>Address: 100-00 BEACH CHANNEL DRIVE<br>Zip Code: 11694<br>Borough: Queens<br>Type: Community School & DYCD,,,,,,,-1,,,27,Q410,100-00 BEACH CHANNEL DRIVE,11694,Queens,Community School & DYCD,"100-00 BEACH CHANNEL DRIVE Queens, NY 11694",40.5866656,-73.8234351
District 27 Pre-K Center at 133-40 79 Street,Geographic  District: 27<br>Building Code: Q473<br>Address: 133-40 79 Street<br>Zip Code: 11414<br>Borough: Queens<br>Type: Standalone Pre-K Site,,,,,,,-1,,,27,Q473,133-40 79 Street,11414,Queens,Standalone Pre-K Site,"133-40 79 Street Queens, NY 11414",40.6717389,-73.8571502
J.H.S. 72 - QUEENS,Geographic  District: 28<br>Building Code: Q072<br>Address: 133-25 GUY R BREWER BOULEVARD<br>Zip Code: 11434<br>Borough: Queens<br>Type: Community School & DYCD,,,,,,,-1,,,28,Q072,133-25 GUY R BREWER BOULEVARD,11434,Queens,Community School & DYCD,"133-25 GUY R BREWER BOULEVARD Queens, NY 11434",40.6749335,-73.7757841
P.S./ I.S. 314 - Queens,Geographic  District: 28<br>Building Code: Q314<br>Address: 88-08 164TH STREET<br>Zip Code: 11432<br>Borough: Queens<br>Type: Community School or DYCD with a pre-K or LYFE Center,,,,,,,-1,,,28,Q314,88-08 164TH STREET,11432,Queens,Community School or DYCD with a pre-K or LYFE Center,"88-08 164TH STREET Queens, NY 11432",40.7084373,-73.7984476
Ezra Jack Keats Pre-K Center at 132-10 Jamaica Avenue,Geographic  District: 28<br>Building Code: Q383<br>Address: 132-10 Jamaica Avenue<br>Zip Code: 11418<br>Borough: Queens<br>Type: Standalone Pre-K Site,,,,,,,-1,,,28,Q383,132-10 Jamaica Avenue,11418,Queens,Standalone Pre-K Site,"132-10 Jamaica Avenue Queens, NY 11418",40.701953,-73.819929
P.S. /I.S 295 - QUEENS,Geographic  District: 29<br>Building Code: Q263<br>Address: 222-14 JAMAICA AVENUE<br>Zip Code: 11428<br>Borough: Queens<br>Type: Community School or DYCD with a pre-K or LYFE Center,,,,,,,-1,,,29,Q263,222-14 JAMAICA AVENUE,11428,Queens,Community School or DYCD with a pre-K or LYFE Center,"222-14 JAMAICA AVENUE Queens, NY 11428",40.7208519,-73.7313284
P.S. 270 - QUEENS,Geographic  District: 29<br>Building Code: Q270<br>Address: 233-15 MERRICK BOULEVARD<br>Zip Code: 11422<br>Borough: Queens<br>Type: Community School or DYCD with a pre-K or LYFE Center,,,,,,,-1,,,29,Q270,233-15 MERRICK BOULEVARD,11422,Queens,Community School or DYCD with a pre-K or LYFE Center,"233-15 MERRICK BOULEVARD Queens, NY 11422",40.6749904,-73.7363585
District 29 Pre-K Center at 168-42 Jamaica Avenue,Geographic  District: 29<br>Building Code: Q381<br>Address: 168-42 Jamaica Avenue<br>Zip Code: 11432<br>Borough: Queens<br>Type: Standalone Pre-K Site,,,,,,,-1,,,29,Q381,168-42 Jamaica Avenue,11432,Queens,Standalone Pre-K Site,"168-42 Jamaica Avenue Queens, NY 11432",40.7065976,-73.7905285
LONG ISLAND CITY HS(NEW)-Q,Geographic  District: 30<br>Building Code: Q452<br>Address: 14-30 BROADWAY<br>Zip Code: 11106<br>Borough: Queens<br>Type: Community School & SBHC,,,,,,,-1,,,30,Q452,14-30 BROADWAY,11106,Queens,Community School & SBHC,"14-30 BROADWAY Queens, NY 11106",40.7654697,-73.9330529
P.S. 11 - QUEENS,Geographic  District: 30<br>Building Code: Q011<br>Address: 54-25 SKILLMAN AVENUE<br>Zip Code: 11377<br>Borough: Queens<br>Type: Community School or DYCD with a pre-K or LYFE Center,,,,,,,-1,,,30,Q011,54-25 SKILLMAN AVENUE,11377,Queens,Community School or DYCD with a pre-K or LYFE Center,"54-25 SKILLMAN AVENUE Queens, NY 11377",40.7456964,-73.9093442
District 30 Pre-K Center at 3252 37th Street,Geographic  District: 30<br>Building Code: Q397<br>Address: 3252 37th Street<br>Zip Code: 11103<br>Borough: Queens<br>Type: Standalone Pre-K Site,,,,,,,-1,,,30,Q397,3252 37th Street,11103,Queens,Standalone Pre-K Site,"3252 37th Street Queens, NY 11103",40.7588544,-73.921791
P.S./I.S. 48 - Staten Island,Geographic  District: 31<br>Building Code: R071<br>Address: 1050 Targee Street<br>Zip Code: 10304<br>Borough: Staten Island<br>Type: Community School or DYCD with a pre-K or LYFE Center,,,,,,,-1,,,31,R071,1050 Targee Street,10304,Staten Island,Community School or DYCD with a pre-K or LYFE Center,"1050 Targee Street Staten Island, NY 10304",40.6030173,-74.0919709
ELIZABETH A. CONNELLY CAMPUS - S.I.,Geographic  District: 31<br>Building Code: R861<br>Address: 280 REGIS DRIVE<br>Zip Code: 10314<br>Borough: Staten Island<br>Type: Community School or DYCD with a pre-K or LYFE Center,,,,,,,-1,,,31,R861,280 REGIS DRIVE,10314,Staten Island,Community School or DYCD with a pre-K or LYFE Center,"280 REGIS DRIVE Staten Island, NY 10314",40.6204522,-74.1644159
P.S. 56 - STATEN ISLAND,Geographic  District: 31<br>Building Code: R056<br>Address: 250 KRAMER AVENUE<br>Zip Code: 10309<br>Borough: Staten Island<br>Type: Community School or DYCD with a pre-K or LYFE Center,,,,,,,-1,,,31,R056,250 KRAMER AVENUE,10309,Staten Island,Community School or DYCD with a pre-K or LYFE Center,"250 KRAMER AVENUE Staten Island, NY 10309",40.5419698,-74.2139431
The Richmond Pre-K Center at 841 Father Capodanno Boulevard,Geographic  District: 31<br>Building Code: R113<br>Address: 841 Father Capodanno Boulevard<br>Zip Code: 10305<br>Borough: Staten Island<br>Type: Standalone Pre-K Site,,,,,,,-1,,,31,R113,841 Father Capodanno Boulevard,10305,Staten Island,Standalone Pre-K Site,"841 Father Capodanno Boulevard Staten Island, NY 10305",40.5756318,-74.0838957
P.S. 145 - BROOKLYN,Geographic  District: 32<br>Building Code: K145<br>Address: 100 NOLL STREET<br>Zip Code: 11206<br>Borough: Brooklyn<br>Type: Filling Geographic Gaps,,,,,,,-1,,,32,K145,100 NOLL STREET,11206,Brooklyn,Filling Geographic Gaps,"100 NOLL STREET Brooklyn, NY 11206",40.701515,-73.9322622